Group,Subgroup,Support,Recall,Precision
Category,Home,221,0.6764705882352942,0.23469387755102042
Category,Electronics,261,0.4423076923076923,0.32857142857142857
Category,Footwear,217,0.5892857142857143,0.3626373626373626
Category,Apparel,385,0.52,0.3170731707317073
Category,Beauty,116,0.6129032258064516,0.475
Payment,COD,503,0.9354838709677419,0.327313769751693
Payment,Prepaid_Card,283,0.02040816326530612,0.2
Payment,Prepaid_UPI,294,0.041666666666666664,0.3333333333333333
Payment,Wallet,120,0.09523809523809523,0.2222222222222222
